"country","iso_code","year","population","gdp","co2","energy_per_capita","methane"
"Afghanistan","AFG","1980","13169313","15329836000","1.756","481.209","9.596"
"Afghanistan","AFG","1981","11937586","15645344000","1.978","610.639","9.605"
"Afghanistan","AFG","1982","10991380","15980410000","2.095","717.766","9.551"
"Afghanistan","AFG","1983","10917985","16755333000","2.520","905.127","9.082"
"Afghanistan","AFG","1984","11190222","17072153000","2.822","887.371","8.130"
"Afghanistan","AFG","1985","11426855","17108480000","3.501","842.731","7.383"
"Afghanistan","AFG","1986","11420074","17641344000","3.134","875.000","6.196"
"Afghanistan","AFG","1987","11387822","15810816000","3.114","1486.687","6.533"
"Afghanistan","AFG","1988","11523299","14499069000","2.857","2697.882","6.807"
"Afghanistan","AFG","1989","11874089","13489497000","2.765","2569.342","6.640"
"Afghanistan","AFG","1990","12045664","13065984000","2.024","2506.867","6.734"
"Afghanistan","AFG","1991","12238879","12047361847","1.914","1021.075","7.022"
"Afghanistan","AFG","1992","13278983","12677539626","1.482","618.055","7.108"
"Afghanistan","AFG","1993","14943175","9834582315","1.487","545.758","7.199"
"Afghanistan","AFG","1994","16250800","7919856426","1.454","484.346","7.489"
"Afghanistan","AFG","1995","17065837","12307525468","1.417","386.490","7.899"
"Afghanistan","AFG","1996","17763266","12070125316","1.370","368.899","8.815"
"Afghanistan","AFG","1997","18452100","11850752863","1.304","341.218","9.593"
"Afghanistan","AFG","1998","19159996","11692171422","1.279","321.278","10.188"
"Afghanistan","AFG","1999","19887792","11517315926","1.092","309.214","11.064"
"Afghanistan","AFG","2000","20130334","11283794151","1.047","262.680","9.724"
"Afghanistan","AFG","2001","20284303","11021272927","1.069","179.892","8.387"
"Afghanistan","AFG","2002","21378123","18804871508","1.341","155.695","10.375"
"Afghanistan","AFG","2003","22733053","21074343420","1.560","174.558","10.687"
"Afghanistan","AFG","2004","23560656","22332570533","1.237","157.758","10.651"
"Afghanistan","AFG","2005","24404575","25397686814","1.890","205.468","10.901"
"Afghanistan","AFG","2006","25424100","28704399925","2.159","256.867","11.122"
"Afghanistan","AFG","2007","25909852","34507529735","2.800","299.434","11.452"
"Afghanistan","AFG","2008","26482631","36561043230","4.254","567.922","12.664"
"Afghanistan","AFG","2009","27466102","44358722212","6.388","919.612","13.006"
"Afghanistan","AFG","2010","28284088","47399425562","8.365","1139.987","14.880"
"Afghanistan","AFG","2011","29347708","53326336000","11.410","1410.376","15.341"
"Afghanistan","AFG","2012","30560036","59166900000","9.731","1276.868","15.133"
"Afghanistan","AFG","2013","31622709","62993700000","8.891","1007.797","15.176"
"Afghanistan","AFG","2014","32792528","64346106000","8.698","812.082","15.547"
"Afghanistan","AFG","2015","33831767","62783392000","9.384","914.925","14.822"
"Afghanistan","AFG","2016","34700613","64372217488","8.606","809.074","14.808"
"Afghanistan","AFG","2017","35688941","65169281649","9.311","1023.214","14.780"
"Afghanistan","AFG","2018","36743040","65996738862","10.192","1265.342","15.192"
"Afghanistan","AFG","2019","37856125","73085701943","10.400","1244.489","15.216"
"Afghanistan","AFG","2020","39068977","71417706295","11.119","1200.742","15.250"
"Afghanistan","AFG","2021","40000410","56638852656","9.869","1189.220","15.433"
"Afghanistan","AFG","2022","40578847","53303471617","10.170","1111.573","16.076"
"Albania","ALB","1980","2735424","9993752701","5.171","15280.113","3.880"
"Albania","ALB","1981","2790413","10248711161","7.343","14787.413","3.890"
"Albania","ALB","1982","2846910","10517106662","7.308","14521.800","4.335"
"Albania","ALB","1983","2905128","10795983352","7.631","14811.815","4.630"
"Albania","ALB","1984","2964961","11080088527","7.826","14592.307","4.285"
"Albania","ALB","1985","3026245","11371456744","7.882","14210.347","4.212"
"Albania","ALB","1986","3087658","11669745014","8.058","13516.784","4.327"
"Albania","ALB","1987","3148843","11975300148","7.447","12914.778","4.476"
"Albania","ALB","1988","3212924","12296424628","7.329","13037.287","4.421"
"Albania","ALB","1989","3260369","12617018592","8.986","11985.987","4.526"
"Albania","ALB","1990","3277965","12947849077","5.521","8505.582","4.045"
"Albania","ALB","1991","3282608","9375856841","4.290","6415.621","4.181"
"Albania","ALB","1992","3282506","8745674435","2.517","5544.973","3.390"
"Albania","ALB","1993","3277831","9636341649","2.338","4578.229","3.540"
"Albania","ALB","1994","3269417","10596114842","1.924","3980.571","4.127"
"Albania","ALB","1995","3258573","11600732968","2.089","4391.918","4.071"
"Albania","ALB","1996","3245680","12468867839","2.018","4159.798","3.879"
"Albania","ALB","1997","3229665","11020137102","1.543","4001.062","3.618"
"Albania","ALB","1998","3210134","12026242682","1.755","4636.601","3.463"
"Albania","ALB","1999","3188598","13673692880","2.986","3659.295","3.487"
"Albania","ALB","2000","3166147","14736835655","3.025","6216.746","3.531"
"Albania","ALB","2001","3147943","16103903904","3.221","6383.707","3.473"
"Albania","ALB","2002","3134095","17037279441","3.748","7213.592","3.432"
"Albania","ALB","2003","3118093","18171076149","4.303","7441.479","3.449"
"Albania","ALB","2004","3098662","19346601376","4.177","8072.544","3.378"
"Albania","ALB","2005","3076156","20562850324","4.261","8044.378","3.362"
"Albania","ALB","2006","3050805","21889974405","3.911","7711.403","3.329"
"Albania","ALB","2007","3022887","23259283502","4.004","7655.497","3.206"
"Albania","ALB","2008","2992933","25006230217","4.448","7983.493","3.031"
"Albania","ALB","2009","2961487","25821550979","4.370","8136.838","2.924"
"Albania","ALB","2010","2928731","26747818608","4.817","7582.633","2.956"
"Albania","ALB","2011","2911499","27431048326","5.175","8232.201","2.910"
"Albania","ALB","2012","2910003","27819814441","4.930","7727.736","2.975"
"Albania","ALB","2013","2907571","28098562696","5.346","9065.398","3.006"
"Albania","ALB","2014","2903748","28597169040","6.072","8866.902","3.064"
"Albania","ALB","2015","2898634","29231663899","4.712","8292.746","3.109"
"Albania","ALB","2016","2897868","30200694449","4.555","9234.724","3.065"
"Albania","ALB","2017","2898245","31348975722","5.344","10106.212","3.057"
"Albania","ALB","2018","2894229","32609000823","5.195","9672.062","3.077"
"Albania","ALB","2019","2885011","33289747424","4.941","8630.006","2.838"
"Albania","ALB","2020","2871950","32130726850","4.865","7352.821","2.631"
"Albania","ALB","2021","2849641","34866976278","5.137","8944.888","2.584"
"Albania","ALB","2022","2827614","36171005594","4.498","9147.205","2.431"
"Algeria","DZA","1965","12365979","35661973735","6.589","2008.143","29.292"
"Algeria","DZA","1966","12590068","33932634033","8.421","2369.529","34.530"
"Algeria","DZA","1967","12876115","37094770661","8.432","2193.783","32.425"
"Algeria","DZA","1968","13172615","41423886061","9.050","2303.642","31.480"
"Algeria","DZA","1969","13475959","45387458950","11.263","2488.817","34.024"
"Algeria","DZA","1970","13783722","49945666845","15.059","2666.834","35.315"
"Algeria","DZA","1971","14098937","45701215972","18.642","2818.145","35.712"
"Algeria","DZA","1972","14427075","55293908511","28.308","3094.726","45.572"
"Algeria","DZA","1973","14771150","57097847688","38.254","3605.046","46.374"
"Algeria","DZA","1974","15133508","60577884755","31.847","3892.616","43.813"
"Algeria","DZA","1975","15678603","64883812851","31.964","4488.262","43.297"
"Algeria","DZA","1976","16409171","69150103648","39.068","5003.428","46.961"
"Algeria","DZA","1977","17015988","75438035015","41.753","5301.638","50.179"
"Algeria","DZA","1978","17506977","85103913585","62.299","6475.217","53.898"
"Algeria","DZA","1979","18036655","92753892187","45.303","8235.463","55.078"
"Algeria","DZA","1980","18607175","94481648187","66.124","9520.142","50.788"
"Algeria","DZA","1981","19220708","96860512464","45.999","11195.538","47.610"
"Algeria","DZA","1982","19872353","103073663847","38.808","12485.292","47.647"
"Algeria","DZA","1983","20558120","108430390837","52.074","13180.519","47.912"
"Algeria","DZA","1984","21271969","114406671796","70.417","12231.881","50.028"
"Algeria","DZA","1985","22008542","120364208777","71.988","11917.944","51.467"
"Algeria","DZA","1986","22745501","119145030269","75.382","12199.799","53.124"
"Algeria","DZA","1987","23443627","118321211437","83.020","12163.992","53.929"
"Algeria","DZA","1988","24109538","115821713281","82.839","12668.091","53.571"
"Algeria","DZA","1989","24754488","119762433617","78.942","12000.583","56.395"
"Algeria","DZA","1990","25375815","117843179781","75.892","12412.359","59.619"
"Algeria","DZA","1991","25987937","121105141795","77.976","12009.229","57.656"
"Algeria","DZA","1992","26628570","127982696018","79.284","12025.688","58.225"
"Algeria","DZA","1993","27277042","130275774703","81.306","10924.754","62.841"
"Algeria","DZA","1994","27887277","134279859768","87.848","10826.482","63.483"
"Algeria","DZA","1995","28470194","145054664533","95.906","10999.042","69.452"
"Algeria","DZA","1996","29033045","156579113896","99.560","10674.896","70.942"
"Algeria","DZA","1997","29579299","164644463404","87.517","10069.873","63.239"
"Algeria","DZA","1998","30054135","179962887740","105.740","10259.786","60.344"
"Algeria","DZA","1999","30474360","193179776879","90.613","10219.548","60.683"
"Algeria","DZA","2000","30903894","208554150552","84.552","9705.756","65.860"
"Algeria","DZA","2001","31331226","223420294027","86.019","9920.229","57.163"
"Algeria","DZA","2002","31750832","245360923720","89.658","10139.907","52.896"
"Algeria","DZA","2003","32175813","273568638765","94.078","10471.285","59.672"
"Algeria","DZA","2004","32628286","296773569597","90.853","10720.079","57.540"
"Algeria","DZA","2005","33109258","326854481030","109.564","11062.512","57.848"
"Algeria","DZA","2006","33623505","345705309468","103.798","11278.422","62.265"
"Algeria","DZA","2007","34189420","371665260161","107.549","11688.989","57.808"
"Algeria","DZA","2008","34816963","395658515586","108.596","12165.246","61.145"
"Algeria","DZA","2009","35490442","418247711085","116.328","12647.330","54.668"
"Algeria","DZA","2010","36188237","450705801593","117.847","12130.873","59.699"
"Algeria","DZA","2011","36903374","482028679734","124.715","12586.607","59.952"
"Algeria","DZA","2012","37646165","498417638719","135.593","13485.354","60.493"
"Algeria","DZA","2013","38414176","512373332647","141.534","13978.610","59.810"
"Algeria","DZA","2014","39205035","531843509827","152.435","14937.195","62.756"
"Algeria","DZA","2015","40019528","551521739825","160.322","15430.422","62.783"
"Algeria","DZA","2016","40850719","569170418715","158.308","15103.672","64.474"
"Algeria","DZA","2017","41689302","577138830559","165.252","14962.943","64.002"
"Algeria","DZA","2018","42505033","584064441740","174.461","15753.894","64.052"
"Algeria","DZA","2019","43294551","589905104177","182.425","16037.789","63.557"
"Algeria","DZA","2020","44042094","559819958223","171.139","14733.604","60.409"
"Algeria","DZA","2021","44761099","578853830170","182.036","15808.980","65.382"
"Algeria","DZA","2022","45477391","595820067103","192.779","16145.337","67.576"
"Angola","AGO","1980","8133867","10330398679","5.334","1969.775","18.723"
"Angola","AGO","1981","8435605","10119853675","5.267","1880.663","16.378"
"Angola","AGO","1982","8751653","9643454557","4.635","1935.001","17.901"
"Angola","AGO","1983","9082985","9325809281","5.101","2001.530","18.970"
"Angola","AGO","1984","9425921","9370042336","4.986","1731.142","16.387"
"Angola","AGO","1985","9779125","9420208558","4.676","2084.221","17.189"
"Angola","AGO","1986","10139459","8569986810","4.634","1971.569","18.054"
"Angola","AGO","1987","10497863","9540737551","5.786","1968.469","23.938"
"Angola","AGO","1988","10861299","10911810585","5.049","1967.967","21.401"
"Angola","AGO","1989","11238562","11089228164","4.923","1833.264","22.858"
"Angola","AGO","1990","11626361","11482503320","5.090","1880.223","30.681"
"Angola","AGO","1991","12023532","12341156472","5.064","1911.448","29.875"
"Angola","AGO","1992","12423717","12363420423","5.164","1861.284","28.183"
"Angola","AGO","1993","12827136","9985477687","5.748","1760.350","32.048"
"Angola","AGO","1994","13249763","10760814258","11.353","1658.592","43.601"
"Angola","AGO","1995","13699780","13143769844","12.617","1729.505","49.090"
"Angola","AGO","1996","14170973","15819838004","15.249","1597.940","55.106"
"Angola","AGO","1997","14660419","17972296931","15.884","1759.714","56.712"
"Angola","AGO","1998","15159378","19905045075","16.513","1496.548","61.904"
"Angola","AGO","1999","15667235","21527478033","17.261","1652.085","60.651"
"Angola","AGO","2000","16194873","23512184116","15.995","1893.218","57.569"
"Angola","AGO","2001","16747204","26015021059","15.908","1982.507","56.044"
"Angola","AGO","2002","17327701","31389808151","16.080","2038.030","55.955"
"Angola","AGO","2003","17943718","35081368421","17.484","2187.965","56.964"
"Angola","AGO","2004","18600426","41307235678","17.016","2298.005","61.914"
"Angola","AGO","2005","19291160","51967661783","15.387","1815.006","61.376"
"Angola","AGO","2006","20015281","66749579296","17.145","2215.237","51.594"
"Angola","AGO","2007","20778570","87086353818","17.588","2511.339","50.227"
"Angola","AGO","2008","21578656","105593132748","18.750","2818.649","50.370"
"Angola","AGO","2009","22414775","115247846475","20.668","3137.766","49.446"
"Angola","AGO","2010","23294822","126984175354","22.983","3278.897","55.308"
"Angola","AGO","2011","24218358","140477268750","23.397","3298.733","53.697"
"Angola","AGO","2012","25177398","152476849129","25.941","3419.703","53.475"
"Angola","AGO","2013","26165616","160032073258","25.710","3570.166","54.453"
"Angola","AGO","2014","27160767","167750415635","26.092","3800.598","53.217"
"Angola","AGO","2015","28157802","169333972139","27.505","3852.950","55.851"
"Angola","AGO","2016","29183072","164965166058","25.466","3330.990","54.826"
"Angola","AGO","2017","30234836","164717711409","23.601","2774.095","52.943"
"Angola","AGO","2018","31297160","162550037080","23.278","2910.070","48.772"
"Angola","AGO","2019","32375633","161408924528","22.210","2937.561","49.451"
"Angola","AGO","2020","33451139","152308692850","16.549","2281.591","47.140"
"Angola","AGO","2021","34532427","153971902307","19.219","2491.884","45.251"
"Angola","AGO","2022","35635028","158346237030","21.089","2713.824","45.564"
"Argentina","ARG","1965","22112634","226284876533","58.805","14857.010","99.607"
"Argentina","ARG","1966","22453898","227834517023","63.073","15105.385","102.921"
"Argentina","ARG","1967","22799063","233929091015","65.476","15309.062","106.945"
"Argentina","ARG","1968","23150580","243886485849","69.009","15586.842","107.271"
"Argentina","ARG","1969","23508716","264721484806","77.249","15862.656","102.699"
"Argentina","ARG","1970","23878330","278897355187","82.648","14803.654","103.345"
"Argentina","ARG","1971","24257212","292438888324","88.850","15448.672","105.057"
"Argentina","ARG","1972","24644332","301570151738","90.073","15396.966","109.579"
"Argentina","ARG","1973","25046007","319937928734","93.984","15829.181","112.825"
"Argentina","ARG","1974","25461352","340686393609","95.492","16192.301","113.150"
"Argentina","ARG","1975","25874106","337656029605","94.860","15558.845","115.515"
"Argentina","ARG","1976","26282282","336841121953","99.718","16083.609","118.267"
"Argentina","ARG","1977","26701815","357157949062","100.729","16532.896","122.722"
"Argentina","ARG","1978","27132162","341466738351","102.583","16382.302","117.899"
"Argentina","ARG","1979","27568894","365906443800","110.649","17257.400","117.555"
"Argentina","ARG","1980","28011597","371076968671","108.695","16895.920","115.902"
"Argentina","ARG","1981","28463956","349782000000","102.009","16121.061","113.428"
"Argentina","ARG","1982","28924268","338761500000","103.388","16261.604","111.506"
"Argentina","ARG","1983","29391334","350706600000","105.182","16701.121","113.728"
"Argentina","ARG","1984","29863090","357844347000","106.492","16488.375","114.521"
"Argentina","ARG","1985","30336448","334171440000","100.569","16023.380","113.651"
"Argentina","ARG","1986","30811982","358634675000","104.199","16542.523","111.575"
"Argentina","ARG","1987","31291764","367893625000","114.936","17022.387","109.593"
"Argentina","ARG","1988","31780534","360921156000","121.464","17035.045","111.857"
"Argentina","ARG","1989","32270958","338520796000","117.067","16179.043","112.819"
"Argentina","ARG","1990","32755907","338751144000","112.188","15680.393","113.853"
"Argentina","ARG","1991","33230293","376057930424","117.727","15722.361","113.136"
"Argentina","ARG","1992","33693532","416679827242","121.514","16630.447","115.231"
"Argentina","ARG","1993","34152719","444780261628","118.021","16948.301","114.467"
"Argentina","ARG","1994","34613492","472926751991","118.507","17657.168","116.180"
"Argentina","ARG","1995","35070016","461601030169","125.415","17982.643","118.111"
"Argentina","ARG","1996","35513795","489406483416","131.446","18559.109","114.312"
"Argentina","ARG","1997","35947790","531526379817","136.617","18609.811","114.316"
"Argentina","ARG","1998","36372862","554567078807","139.505","19087.227","110.736"
"Argentina","ARG","1999","36794687","538270560194","148.345","19175.273","113.887"
"Argentina","ARG","2000","37213986","536480965694","143.355","18907.803","113.917"
"Argentina","ARG","2001","37624817","514867255248","135.004","18268.281","113.092"
"Argentina","ARG","2002","38029345","460558541367","124.930","17306.400","116.586"
"Argentina","ARG","2003","38424283","503104157615","134.421","18341.469","123.989"
"Argentina","ARG","2004","38815915","550306327169","157.235","19351.779","125.187"
"Argentina","ARG","2005","39216786","601050418142","161.728","20306.785","123.062"
"Argentina","ARG","2006","39622113","652296814311","174.342","21100.816","125.455"
"Argentina","ARG","2007","40016767","714725198062","173.764","21717.797","122.570"
"Argentina","ARG","2008","40424151","747157417513","187.596","21746.203","120.002"
"Argentina","ARG","2009","40854832","705920838368","178.378","20858.098","114.282"
"Argentina","ARG","2010","41288694","785785170150","186.121","21368.264","105.478"
"Argentina","ARG","2011","41730655","837742673804","189.884","21743.625","104.441"
"Argentina","ARG","2012","42161718","829147409948","191.715","22393.107","107.532"
"Argentina","ARG","2013","42582453","849088398588","189.525","23705.746","109.297"
"Argentina","ARG","2014","43024071","827750786191","188.539","23080.285","110.422"
"Argentina","ARG","2015","43477011","850356641236","191.809","23230.486","109.966"
"Argentina","ARG","2016","43900312","832669278245","190.020","22909.215","111.820"
"Argentina","ARG","2017","44288898","856142153676","187.068","22511.016","115.890"
"Argentina","ARG","2018","44654876","833736983405","182.483","22081.684","115.387"
"Argentina","ARG","2019","44973469","817053926667","180.428","20582.312","115.653"
"Argentina","ARG","2020","45191960","735814250460","164.613","19117.824","115.126"
"Argentina","ARG","2021","45312282","812324184006","190.197","20925.615","112.747"
"Argentina","ARG","2022","45407904","854914363923","183.768","22049.938","115.333"
"Armenia","ARM","1992","3571870","15777768492","5.724","14456.733","1.789"
"Armenia","ARM","1993","3453339","13153115049","2.510","10241.846","1.600"
"Armenia","ARM","1994","3364620","13441640358","2.685","9587.113","1.575"
"Armenia","ARM","1995","3307586","14085547383","3.363","10491.935","1.545"
"Armenia","ARM","1996","3278738","14363162631","2.500","14085.446","1.539"
"Armenia","ARM","1997","3246292","14402224399","3.253","11964.407","1.531"
"Armenia","ARM","1998","3208399","14841976252","3.419","12830.193","1.470"
"Armenia","ARM","1999","3167282","14850694858","3.040","7874.202","1.465"
"Armenia","ARM","2000","3125630","15244825874","3.491","8587.992","1.482"
"Armenia","ARM","2001","3084350","16184137401","3.533","8735.807","1.528"
"Armenia","ARM","2002","3055636","18018113990","3.077","7993.655","1.558"
"Armenia","ARM","2003","3038976","19928773567","3.456","8742.533","1.596"
"Armenia","ARM","2004","3022544","21350959248","3.691","9174.885","1.639"
"Armenia","ARM","2005","3006360","23626538545","4.376","11044.274","1.657"
"Armenia","ARM","2006","2990371","25937834265","4.402","11084.320","1.696"
"Armenia","ARM","2007","2974825","28610365796","5.100","12641.402","1.584"
"Armenia","ARM","2008","2959996","29672467967","5.575","12216.934","1.608"
"Armenia","ARM","2009","2945518","24704739187","4.364","10727.759","1.529"
"Armenia","ARM","2010","2931083","24485670654","4.256","11824.311","1.523"
"Armenia","ARM","2011","2923269","24860520809","4.969","12557.113","1.519"
"Armenia","ARM","2012","2922529","26634064691","5.748","13606.589","1.570"
"Armenia","ARM","2013","2922526","27542825799","5.535","13407.281","1.662"
"Armenia","ARM","2014","2922433","28536291283","5.604","13808.039","1.695"
"Armenia","ARM","2015","2921179","29464863299","5.469","12623.133","1.738"
"Armenia","ARM","2016","2918796","29522321034","5.207","12668.348","1.781"
"Armenia","ARM","2017","2914966","31741802974","5.537","13658.813","1.721"
"Armenia","ARM","2018","2909971","33400320594","5.822","13424.767","1.633"
"Armenia","ARM","2019","2903975","35949092334","6.284","14248.773","1.620"
"Armenia","ARM","2020","2890893","33378378959","6.795","15475.302","1.633"
"Armenia","ARM","2021","2870339","35275596129","7.351","15976.376","1.678"
"Armenia","ARM","2022","2880880","39721734780","7.699","17722.293","1.628"
"Australia","AUS","1965","11357479","185112108474","113.606","37487.191","127.470"
"Australia","AUS","1966","11592485","190257575019","115.736","38481.957","124.343"
"Australia","AUS","1967","11810521","203110686898","122.281","40056.914","129.048"
"Australia","AUS","1968","12030009","215046500976","128.768","41703.523","133.182"
"Australia","AUS","1969","12272387","228127284464","136.414","42569.410","139.239"
"Australia","AUS","1970","12599414","242644629554","147.863","45248.266","140.836"
"Australia","AUS","1971","12997963","253439751826","151.118","46069.344","137.814"
"Australia","AUS","1972","13304897","260535644000","153.598","47057.488","159.745"
"Australia","AUS","1973","13518689","274659478818","170.142","49513.375","143.157"
"Australia","AUS","1974","13719499","281474163714","166.183","51889.727","149.989"
"Australia","AUS","1975","13893988","289103008400","173.102","52101.688","156.888"
"Australia","AUS","1976","14046758","300755701500","169.803","53328.191","170.995"
"Australia","AUS","1977","14203511","303887958765","181.913","55336.211","166.911"
"Australia","AUS","1978","14367099","312728264226","191.052","56463.793","146.252"
"Australia","AUS","1979","14533034","329194298316","192.322","57888.219","160.546"
"Australia","AUS","1980","14721345","335756463773","204.370","57348.492","164.216"
"Australia","AUS","1981","14949210","348726734203","213.810","57380.551","140.356"
"Australia","AUS","1982","15192484","348301464000","218.001","55943.414","158.329"
"Australia","AUS","1983","15414891","348353556000","207.645","54594.711","142.857"
"Australia","AUS","1984","15620653","372379590000","217.515","55782.266","146.857"
"Australia","AUS","1985","15835743","391229265000","224.557","56599.375","168.792"
"Australia","AUS","1986","16069631","399344400000","224.040","56778.605","158.013"
"Australia","AUS","1987","16322272","419094027000","234.598","57439.195","146.672"
"Australia","AUS","1988","16594104","437912800000","240.737","59136.320","144.559"
"Australia","AUS","1989","16869362","457176167000","256.838","61040.418","151.938"
"Australia","AUS","1990","17126304","464136588000","278.061","61372.223","163.762"
"Australia","AUS","1991","17353191","461302112920","279.437","60158.379","164.542"
"Australia","AUS","1992","17549286","478633731062","284.433","60425.266","162.966"
"Australia","AUS","1993","17722905","501524767329","288.780","61188.770","160.821"
"Australia","AUS","1994","17897433","527993237904","293.613","62888.992","160.115"
"Australia","AUS","1995","18095340","549038744439","304.962","63789.848","160.051"
"Australia","AUS","1996","18305305","574765618472","311.851","64906.695","152.869"
"Australia","AUS","1997","18504911","601472798853","320.243","65781.891","154.130"
"Australia","AUS","1998","18701710","634847053105","334.038","66642.594","158.015"
"Australia","AUS","1999","18909980","664520698611","343.876","68606.484","173.283"
"Australia","AUS","2000","19132472","692059312020","349.898","68222.211","185.127"
"Australia","AUS","2001","19365438","713890072308","357.668","67924.375","197.299"
"Australia","AUS","2002","19595356","747065694937","362.425","68472.609","190.631"
"Australia","AUS","2003","19819449","774450991263","370.784","68662.977","147.337"
"Australia","AUS","2004","20046679","809792445090","382.005","70058.688","168.446"
"Australia","AUS","2005","20294490","840092380696","385.082","69494.242","148.877"
"Australia","AUS","2006","20590566","866678665246","391.373","71432.609","167.974"
"Australia","AUS","2007","20954545","911250727265","398.896","71877.820","165.577"
"Australia","AUS","2008","21370595","937889628737","404.279","71675.375","147.579"
"Australia","AUS","2009","21783014","963129933389","406.977","69299.156","151.710"
"Australia","AUS","2010","22141583","993853968687","405.026","68144.984","141.697"
"Australia","AUS","2011","22479779","1024000293343","403.874","69333.531","193.829"
"Australia","AUS","2012","22852648","1062662906305","405.005","67218.164","194.517"
"Australia","AUS","2013","23236271","1086068056518","397.850","66946.461","153.629"
"Australia","AUS","2014","23595599","1113888062929","392.610","66387.727","164.133"
"Australia","AUS","2015","23947997","1139303344945","400.589","66879.320","161.088"
"Australia","AUS","2016","24329963","1169967279612","409.666","66045.680","142.951"
"Australia","AUS","2017","24731044","1197832839959","413.408","64778.020","166.517"
"Australia","AUS","2018","25119700","1231576952488","414.781","64726.418","168.041"
"Australia","AUS","2019","25482714","1255505542015","414.925","65938.531","154.257"
"Australia","AUS","2020","25743787","1232259790388","398.547","61584.258","135.224"
"Australia","AUS","2021","25956417","1296705194119","388.472","61230.445","140.750"
"Australia","AUS","2022","26200987","1344251444393","384.078","63386.535","139.423"
"Austria","AUT","1965","7270413","89635521566","38.185","26064.307","13.190"
"Austria","AUT","1966","7321524","94674312319","39.245","27087.949","13.638"
"Austria","AUT","1967","7376293","97560799169","39.956","27163.170","14.107"
"Austria","AUT","1968","7414627","101902465717","42.330","28894.449","14.429"
"Austria","AUT","1969","7440306","108304558083","44.675","29827.604","14.720"
"Austria","AUT","1970","7466320","116016114210","50.672","34039.426","14.530"
"Austria","AUT","1971","7499635","121950335758","52.102","33746.195","14.903"
"Austria","AUT","1972","7543263","129526389919","56.101","34709.883","14.847"
"Austria","AUT","1973","7585107","135852151617","60.045","37113.535","15.016"
"Austria","AUT","1974","7597963","141212924750","57.327","37241.844","15.149"
"Austria","AUT","1975","7577833","140694752173","54.239","37090.230","15.030"
"Austria","AUT","1976","7564457","147134328300","58.229","38455.332","14.933"
"Austria","AUT","1977","7567332","154017554077","56.016","38533.754","14.948"
"Austria","AUT","1978","7561203","153461858932","57.248","40230.348","14.970"
"Austria","AUT","1979","7548345","161829470113","61.347","42687.133","15.116"
"Austria","AUT","1980","7548407","165574166869","52.054","42508.809","15.040"
"Austria","AUT","1981","7567550","165408175664","55.862","41165.254","14.972"
"Austria","AUT","1982","7573078","168565433094","53.598","39788.531","15.157"
"Austria","AUT","1983","7561166","173293645734","51.698","39741.906","15.095"
"Austria","AUT","1984","7560715","173865898335","54.247","39343.980","15.319"
"Austria","AUT","1985","7564310","177760570016","54.403","41749.422","15.464"
"Austria","AUT","1986","7569397","181932973945","53.765","41804.465","15.381"
"Austria","AUT","1987","7574314","184993439227","57.407","44098.918","15.167"
"Austria","AUT","1988","7585346","190845951984","52.963","43390.504","15.290"
"Austria","AUT","1989","7620405","198919354981","53.718","43432.500","14.867"
"Austria","AUT","1990","7679627","207979127656","62.191","43468.785","14.719"
"Austria","AUT","1991","7757140","215992683383","65.790","45042.395","14.687"
"Austria","AUT","1992","7842715","221400873854","60.291","43963.363","14.266"
"Austria","AUT","1993","7907492","223462931302","60.711","44570.805","13.883"
"Austria","AUT","1994","7938157","229749328956","61.080","44016.273","13.369"
"Austria","AUT","1995","7950322","236824462430","64.063","46244.852","12.809"
"Austria","AUT","1996","7960917","243480734505","67.410","47192.613","12.569"
"Austria","AUT","1997","7969804","249847313444","67.305","47751.309","12.197"
"Austria","AUT","1998","7978465","259776337669","66.937","48787.238","11.892"
"Austria","AUT","1999","7993894","270186173474","65.668","49137.969","11.766"
"Austria","AUT","2000","8012929","280410163017","66.204","49316.637","11.488"
"Austria","AUT","2001","8042233","285335695766","70.191","50557.285","11.377"
"Austria","AUT","2002","8081640","291231427735","71.988","50339.801","11.331"
"Austria","AUT","2003","8122604","294489280951","77.412","50193.703","11.906"
"Austria","AUT","2004","8173496","303692479841","77.716","51686.262","10.705"
"Austria","AUT","2005","8229204","311441138652","79.095","52416.992","10.519"
"Austria","AUT","2006","8269901","323236897651","76.796","51495.746","10.357"
"Austria","AUT","2007","8296948","336303973991","74.092","50628.930","10.067"
"Austria","AUT","2008","8323250","342892519161","73.466","51008.945","9.921"
"Austria","AUT","2009","8345073","331119036991","67.302","49103.516","9.770"
"Austria","AUT","2010","8365087","338832243101","72.000","50394.973","9.876"
"Austria","AUT","2011","8393272","349713455451","69.892","47165.023","9.650"
"Austria","AUT","2012","8431599","352093108730","67.260","49148.723","9.423"
"Austria","AUT","2013","8481411","352182904722","67.759","48441.508","9.544"
"Austria","AUT","2014","8547812","354511819035","64.159","46197.699","9.368"
"Austria","AUT","2015","8644037","358108266932","66.358","45856.262","8.958"
"Austria","AUT","2016","8737920","365232738553","67.219","46881.992","9.004"
"Austria","AUT","2017","8798779","373481694490","69.601","47457.570","9.212"
"Austria","AUT","2018","8841653","382540042762","66.567","46190.699","9.209"
"Austria","AUT","2019","8880876","388344674039","67.951","48188.984","9.181"
"Austria","AUT","2020","8921402","363281092036","62.180","44852.156","9.103"
"Austria","AUT","2021","8967053","379835198584","65.751","45314.195","9.323"
"Austria","AUT","2022","9064678","398815419150","61.454","42122.105","9.215"
"Azerbaijan","AZE","1985","6799823","57181877446","51.248","34552.445","7.121"
"Azerbaijan","AZE","1986","6891349","58704586851","53.372","36688.668","7.235"
"Azerbaijan","AZE","1987","6977658","61831432355","50.586","35115.332","7.335"
"Azerbaijan","AZE","1988","7081404","65070242359","51.596","34626.512","7.342"
"Azerbaijan","AZE","1989","7167583","59803709283","51.587","34886.496","7.355"
"Azerbaijan","AZE","1990","7231084","53235601363","51.345","36032.113","7.562"
"Azerbaijan","AZE","1991","7314317","53426621017","50.074","34227.562","7.335"
"Azerbaijan","AZE","1992","7405781","41795295334","56.174","28949.521","6.562"
"Azerbaijan","AZE","1993","7504119","32486438953","48.406","24783.752","6.165"
"Azerbaijan","AZE","1994","7608894","26372096369","41.945","22455.918","5.834"
"Azerbaijan","AZE","1995","7719283","23188276303","33.309","20811.258","5.779"
"Azerbaijan","AZE","1996","7830981","24026379639","31.242","16823.014","5.817"
"Azerbaijan","AZE","1997","7936220","26436933201","29.843","15896.062","5.951"
"Azerbaijan","AZE","1998","8025808","28328460213","31.785","15779.740","6.255"
"Azerbaijan","AZE","1999","8100472","31898574736","28.822","15598.277","7.023"
"Azerbaijan","AZE","2000","8174784","34255707098","29.765","16153.973","7.200"
"Azerbaijan","AZE","2001","8251776","36862177017","28.415","15418.192","7.445"
"Azerbaijan","AZE","2002","8326141","40295217200","28.570","15086.057","7.346"
"Azerbaijan","AZE","2003","8400528","44994637993","30.488","16193.649","7.598"
"Azerbaijan","AZE","2004","8489874","50107477354","32.253","18127.234","7.715"
"Azerbaijan","AZE","2005","8597248","64019175136","34.194","19405.906","8.681"
"Azerbaijan","AZE","2006","8711380","87026407066","34.522","18836.461","9.518"
"Azerbaijan","AZE","2007","8828313","109944254894","30.037","17112.117","12.742"
"Azerbaijan","AZE","2008","8942637","123130002462","33.037","16903.684","13.584"
"Azerbaijan","AZE","2009","9046336","136020226283","29.103","14389.062","12.131"
"Azerbaijan","AZE","2010","9146852","144296577620","27.549","14041.920","12.386"
"Azerbaijan","AZE","2011","9256156","145980469968","30.210","15745.113","11.983"
"Azerbaijan","AZE","2012","9376179","149196415149","32.770","16007.676","12.088"
"Azerbaijan","AZE","2013","9504417","157913964589","33.559","16225.271","12.241"
"Azerbaijan","AZE","2014","9631136","162332395164","34.345","16326.349","12.297"
"Azerbaijan","AZE","2015","9752859","164036906588","34.683","17618.029","12.299"
"Azerbaijan","AZE","2016","9868434","159010796104","34.727","17246.135","12.163"
"Azerbaijan","AZE","2017","9968510","159255674569","34.698","16748.137","11.902"
"Azerbaijan","AZE","2018","10039782","161644514845","34.576","17546.863","11.962"
"Azerbaijan","AZE","2019","10110483","165653307401","37.753","18385.926","12.222"
"Azerbaijan","AZE","2020","10181736","158697520949","36.237","18162.768","12.078"
"Azerbaijan","AZE","2021","10234372","167584576527","38.300","19302.547","12.506"
"Azerbaijan","AZE","2022","10295307","175370552026","41.175","20425.451","12.463"
"Bahrain","BHR","1980","358990","2430890544","7.881","111908.305","14.999"
"Bahrain","BHR","1981","373534","2498560638","8.519","123910.922","14.593"
"Bahrain","BHR","1982","386992","2659375885","9.831","127530.781","13.766"
"Bahrain","BHR","1983","400721","2845479302","8.222","129342.820","13.124"
"Bahrain","BHR","1984","415164","2965760541","9.200","121156.609","12.992"
"Bahrain","BHR","1985","430365","2955779485","10.186","138919.609","13.329"
"Bahrain","BHR","1986","446290","3024145278","11.003","145118.922","14.290"
"Bahrain","BHR","1987","462862","3084997028","11.421","168309.125","13.871"
"Bahrain","BHR","1988","479931","3193430227","12.077","139811.047","14.191"
"Bahrain","BHR","1989","497329","3272823940","11.652","137958.859","14.220"
"Bahrain","BHR","1990","514799","3274114078","11.494","145869.828","13.982"
"Bahrain","BHR","1991","531883","3651056951","11.329","158023.719","16.568"
"Bahrain","BHR","1992","547753","4256667780","10.402","128730.188","18.589"
"Bahrain","BHR","1993","562820","4978466441","16.748","149619.297","19.333"
"Bahrain","BHR","1994","577960","5580193474","14.352","143550.953","18.995"
"Bahrain","BHR","1995","593230","6161508997","14.744","140103.281","19.023"
"Bahrain","BHR","1996","608593","6872042752","15.942","136899.297","19.762"
"Bahrain","BHR","1997","624019","7574288621","17.221","157304.031","16.674"
"Bahrain","BHR","1998","639391","8524455571","18.276","161154.859","17.145"
"Bahrain","BHR","1999","654622","9667911784","18.254","161497.344","19.100"
"Bahrain","BHR","2000","669589","11032289188","19.199","167083.141","19.131"
"Bahrain","BHR","2001","699964","12074987722","19.679","165423.172","19.495"
"Bahrain","BHR","2002","752205","13787453002","20.112","164246.484","18.107"
"Bahrain","BHR","2003","811276","16535287306","20.976","159109.156","17.006"
"Bahrain","BHR","2004","871446","19633464819","21.204","153438.219","16.835"
"Bahrain","BHR","2005","932618","22873324996","24.487","160842.312","16.731"
"Bahrain","BHR","2006","994626","26149797771","24.036","160915.672","16.164"
"Bahrain","BHR","2007","1057419","30119518073","26.626","155404.359","16.710"
"Bahrain","BHR","2008","1120718","33548850204","29.525","153545.766","18.545"
"Bahrain","BHR","2009","1183616","35937223742","28.138","143941.156","19.179"
"Bahrain","BHR","2010","1213248","39778047298","29.143","141961.703","18.343"
"Bahrain","BHR","2011","1206733","43727144774","28.544","141220.125","18.528"
"Bahrain","BHR","2012","1216307","45357290589","27.202","150511.938","21.082"
"Bahrain","BHR","2013","1257206","47813841200","31.228","161939.016","23.707"
"Bahrain","BHR","2014","1312857","49894227022","30.971","153717.312","24.315"
"Bahrain","BHR","2015","1369656","51134096686","32.521","148644.031","24.203"
"Bahrain","BHR","2016","1429609","52953446666","31.635","142093.938","24.357"
"Bahrain","BHR","2017","1482003","55226208950","32.917","141021.281","23.776"
"Bahrain","BHR","2018","1497634","56391482183","32.698","140424.391","23.604"
"Bahrain","BHR","2019","1485675","57613480945","37.616","155660.703","24.328"
"Bahrain","BHR","2020","1483081","54937336615","37.429","152081.188","24.364"
"Bahrain","BHR","2021","1501762","56404169544","36.265","156362.641","23.999"
"Bahrain","BHR","2022","1533460","58769760175","37.827","161782.953","23.970"
"Bangladesh","BGD","1965","59902522","58415453390","3.121","0.000","52.928"
"Bangladesh","BGD","1966","61669811","59220693140","3.176","0.000","52.699"
"Bangladesh","BGD","1967","63510933","57806946351","3.371","0.000","55.241"
"Bangladesh","BGD","1968","65408278","63239029300","3.866","0.000","55.184"
"Bangladesh","BGD","1969","67294130","64108445625","3.749","0.000","56.972"
"Bangladesh","BGD","1970","69058898","67600676968","3.803","0.000","57.038"
"Bangladesh","BGD","1971","70276757","64585771640","3.606","190.773","55.197"
"Bangladesh","BGD","1972","71641525","57036332695","3.506","212.036","56.204"
"Bangladesh","BGD","1973","73722297","57327094687","4.550","264.238","56.115"
"Bangladesh","BGD","1974","75839352","65037827062","4.653","273.559","56.527"
"Bangladesh","BGD","1975","77854352","64196583843","4.857","273.987","58.768"
"Bangladesh","BGD","1976","79855318","67082025250","5.556","311.726","58.601"
"Bangladesh","BGD","1977","81867267","67704293671","5.785","310.725","59.836"
"Bangladesh","BGD","1978","83889660","72709601359","5.984","322.137","63.827"
"Bangladesh","BGD","1979","85935070","76312880671","6.613","346.714","65.650"
"Bangladesh","BGD","1980","88016435","76945168945","7.597","394.817","57.572"
"Bangladesh","BGD","1981","90303104","79474316984","7.886","407.956","58.666"
"Bangladesh","BGD","1982","92814506","80492428500","8.552","437.877","59.782"
"Bangladesh","BGD","1983","95335162","84456198492","8.188","421.567","58.173"
"Bangladesh","BGD","1984","97814965","89004503531","9.077","444.130","59.601"
"Bangladesh","BGD","1985","100253825","91717608984","10.189","481.519","60.908"
"Bangladesh","BGD","1986","102635569","95757516250","11.406","511.875","62.302"
"Bangladesh","BGD","1987","104959291","99663037500","11.800","552.448","62.094"
"Bangladesh","BGD","1988","107216011","102457452156","13.478","602.302","62.908"
"Bangladesh","BGD","1989","109433805","105141756890","13.382","636.131","64.477"
"Bangladesh","BGD","1990","111633722","112105268328","14.082","661.596","65.267"
"Bangladesh","BGD","1991","113787112","117331560870","14.753","626.210","65.169"
"Bangladesh","BGD","1992","115952198","123425133934","15.391","670.195","65.841"
"Bangladesh","BGD","1993","118132363","129907345176","16.074","723.221","65.788"
"Bangladesh","BGD","1994","120343183","137432659561","17.553","753.595","67.125"
"Bangladesh","BGD","1995","122600372","145833067614","21.056","873.640","68.434"
"Bangladesh","BGD","1996","124862185","155028875281","21.507","898.610","69.113"
"Bangladesh","BGD","1997","127198070","165329622112","23.144","926.829","70.164"
"Bangladesh","BGD","1998","129622332","175900627375","23.216","968.654","70.329"
"Bangladesh","BGD","1999","132108065","187794887949","25.093","961.223","72.894"
"Bangladesh","BGD","2000","134544303","200824294390","26.539","1012.713","73.923"
"Bangladesh","BGD","2001","136805810","213164797419","31.064","1138.044","74.105"
"Bangladesh","BGD","2002","138933659","226285297151","32.007","1124.599","75.264"
"Bangladesh","BGD","2003","140970355","242325893842","33.496","1171.225","76.025"
"Bangladesh","BGD","2004","142902857","260372737862","35.978","1228.083","75.405"
"Bangladesh","BGD","2005","144715789","280264340330","37.717","1314.626","76.956"
"Bangladesh","BGD","2006","146405983","303255436424","41.726","1406.255","78.065"
"Bangladesh","BGD","2007","147989282","327072515722","42.675","1430.873","78.855"
"Bangladesh","BGD","2008","149474264","349461394439","45.341","1491.569","81.754"
"Bangladesh","BGD","2009","150873716","372693237092","49.188","1626.153","82.806"
"Bangladesh","BGD","2010","152201978","400087800634","54.036","1649.613","84.043"
"Bangladesh","BGD","2011","153591074","431418704062","55.593","1768.521","84.741"
"Bangladesh","BGD","2012","155070110","458456647637","59.704","1902.543","85.275"
"Bangladesh","BGD","2013","156532134","486135250102","64.763","1958.554","85.880"
"Bangladesh","BGD","2014","157964931","516793803718","67.552","2016.640","86.573"
"Bangladesh","BGD","2015","159383179","552104723056","76.946","2416.201","87.026"
"Bangladesh","BGD","2016","160811934","589932630231","81.761","2404.679","86.753"
"Bangladesh","BGD","2017","162186146","630957812405","86.531","2484.585","89.000"
"Bangladesh","BGD","2018","163523109","678912369102","86.608","2631.359","89.101"
"Bangladesh","BGD","2019","164913060","717214595514","94.808","2926.160","89.562"
"Bangladesh","BGD","2020","166298024","754358367084","95.729","2750.767","90.907"
"Bangladesh","BGD","2021","167658855","807308397444","98.530","2937.336","92.285"
"Bangladesh","BGD","2022","169384891","858143907016","102.147","3023.729","93.141"
"Barbados","BRB","1980","251533","3104136000","0.674","17019.666","0.253"
"Barbados","BRB","1981","252274","3040380000","0.685","17660.674","0.243"
"Barbados","BRB","1982","253098","2890272000","0.645","17847.723","0.242"
"Barbados","BRB","1983","253993","2911845000","0.685","18759.568","0.238"
"Barbados","BRB","1984","254930","3013632000","0.747","18010.146","0.265"
"Barbados","BRB","1985","255831","3044936000","0.846","19834.463","0.237"
"Barbados","BRB","1986","256628","3200232000","0.915","20737.594","0.224"
"Barbados","BRB","1987","257288","3284897000","0.941","19694.516","0.210"
"Barbados","BRB","1988","257768","3402620000","0.945","18510.422","0.207"
"Barbados","BRB","1989","258113","3522978000","0.989","20119.715","0.210"
"Barbados","BRB","1990","258583","3404428000","1.037","21275.953","0.205"
"Barbados","BRB","1991","259382","3234507041","1.184","21446.906","0.203"
"Barbados","BRB","1992","260272","3028225649","1.164","22578.002","0.209"
"Barbados","BRB","1993","261036","3017396976","0.936","21938.947","0.200"
"Barbados","BRB","1994","261625","3045284405","0.940","20759.801","0.201"
"Barbados","BRB","1995","262046","3074994312","1.023","21510.744","0.201"
"Barbados","BRB","1996","262290","3163661977","1.050","19295.631","0.205"
"Barbados","BRB","1997","262405","3273617373","1.156","23220.135","0.201"
"Barbados","BRB","1998","262434","3356270425","1.228","23582.225","0.206"
"Barbados","BRB","1999","262521","3340959870","1.302","24680.318","0.206"
"Barbados","BRB","2000","262071","3452406154","1.309","26578.361","0.219"
"Barbados","BRB","2001","262429","3330849682","1.307","26557.926","0.208"
"Barbados","BRB","2002","264155","3319030722","1.317","26561.965","0.196"
"Barbados","BRB","2003","265789","3362359775","1.358","26680.176","0.195"
"Barbados","BRB","2004","267297","3369967163","1.387","26727.373","0.195"
"Barbados","BRB","2005","268717","3466246054","1.429","26791.811","0.193"
"Barbados","BRB","2006","270011","3622055423","1.471","26723.955","0.179"
"Barbados","BRB","2007","271298","3642717925","1.469","25376.070","0.174"
"Barbados","BRB","2008","272719","3618468400","1.733","29765.596","0.190"
"Barbados","BRB","2009","274137","3446882402","1.700","27907.617","0.174"
"Barbados","BRB","2010","275251","3418936167","1.567","26773.963","0.171"
"Barbados","BRB","2011","276150","3406690000","1.626","28044.492","0.174"
"Barbados","BRB","2012","276949","3415680000","1.554","26282.139","0.169"
"Barbados","BRB","2013","277669","3412801000","1.540","26601.328","0.165"
"Barbados","BRB","2014","278355","3416200000","1.368","23038.891","0.167"
"Barbados","BRB","2015","278999","3448059000","1.335","24428.852","0.165"
"Barbados","BRB","2016","279604","3528285767","1.371","24818.070","0.165"
"Barbados","BRB","2017","280177","3554020089","1.399","23423.180","0.167"
"Barbados","BRB","2018","280719","3526291932","1.447","26300.879","0.167"
"Barbados","BRB","2019","281216","3535586950","1.392","25585.250","0.168"
"Barbados","BRB","2020","281706","3085224475","1.256","20003.318","0.165"
"Barbados","BRB","2021","282157","3061072053","1.190","19102.555","0.163"
"Barbados","BRB","2022","282324","3408005977","1.315","19859.146","0.162"
"Belarus","BLR","1985","9944184","109799185546","107.090","41033.402","23.566"
"Belarus","BLR","1986","10004289","112796181757","121.533","46563.863","23.583"
"Belarus","BLR","1987","10057608","114070850727","111.862","46991.227","23.771"
"Belarus","BLR","1988","10107636","113655358587","114.893","47429.980","23.439"
"Belarus","BLR","1989","10158779","121119310826","109.200","45641.375","23.534"
"Belarus","BLR","1990","10186258","116974867000","108.459","45745.211","23.570"
"Belarus","BLR","1991","10193889","114005544177","104.186","45606.363","23.206"
"Belarus","BLR","1992","10217561","101880793628","93.597","39633.062","20.816"
"Belarus","BLR","1993","10241320","93050209032","80.674","32991.000","19.935"
"Belarus","BLR","1994","10230193","81212667307","67.990","27585.434","19.105"
"Belarus","BLR","1995","10197466","71373341741","61.015","24585.137","18.189"
"Belarus","BLR","1996","10164025","72504136402","61.844","25298.854","17.679"
"Belarus","BLR","1997","10122365","79868071251","61.697","25695.682","17.262"
"Belarus","BLR","1998","10080579","85602469015","60.184","25231.760","17.178"
"Belarus","BLR","1999","10039221","87455010171","58.076","24645.004","17.045"
"Belarus","BLR","2000","9991310","91419114455","55.014","25522.084","16.446"
"Belarus","BLR","2001","9938068","94624119098","54.105","24945.643","16.249"
"Belarus","BLR","2002","9873451","98263269227","53.944","25976.342","16.029"
"Belarus","BLR","2003","9803175","103937865617","55.236","25966.264","16.022"
"Belarus","BLR","2004","9735089","114486408721","58.373","29278.977","16.420"
"Belarus","BLR","2005","9667833","123858071551","59.396","29386.727","15.738"
"Belarus","BLR","2006","9608041","134673942572","61.809","31443.652","15.995"
"Belarus","BLR","2007","9563135","144615680573","60.276","30819.047","15.837"
"Belarus","BLR","2008","9529357","157577029170","62.931","31336.238","16.773"
"Belarus","BLR","2009","9507334","156010272888","60.628","29715.518","17.212"
"Belarus","BLR","2010","9490752","166239903113","62.515","32263.109","17.564"
"Belarus","BLR","2011","9472738","173120303880","61.353","31742.064","17.467"
"Belarus","BLR","2012","9463075","175940441074","62.592","34368.988","17.746"
"Belarus","BLR","2013","9464454","177632980571","64.152","31085.303","18.061"
"Belarus","BLR","2014","9472704","180627882895","63.699","31127.623","18.197"
"Belarus","BLR","2015","9487289","173709821418","58.828","28138.871","18.431"
"Belarus","BLR","2016","9499066","169304543676","58.188","28718.361","18.326"
"Belarus","BLR","2017","9495793","173606575679","59.444","29259.266","18.445"
"Belarus","BLR","2018","9480031","179054352755","62.171","32402.701","18.489"
"Belarus","BLR","2019","9435415","181643469714","62.171","32726.744","18.569"
"Belarus","BLR","2020","9350943","180420997693","59.123","30643.369","18.704"
"Belarus","BLR","2021","9251368","184521985376","60.861","33803.074","18.611"
"Belarus","BLR","2022","9173240","175773799265","57.121","33086.910","18.519"
"Belgium","BEL","1965","9399851","128900422970","105.335","43930.613","19.507"
"Belgium","BEL","1966","9455000","133004611467","105.104","42079.215","19.607"
"Belgium","BEL","1967","9505919","138196546500","107.365","43936.297","19.871"
"Belgium","BEL","1968","9549702","143933305268","118.441","48736.289","20.644"
"Belgium","BEL","1969","9589190","153505209418","123.495","53265.691","20.861"
"Belgium","BEL","1970","9630508","163013745896","125.498","56029.348","20.086"
"Belgium","BEL","1971","9666524","169133335000","121.374","54759.535","19.960"
"Belgium","BEL","1972","9694853","178026050437","130.641","58044.500","19.658"
"Belgium","BEL","1973","9718032","188915229177","138.643","58687.395","20.035"
"Belgium","BEL","1974","9735809","196850469463","134.954","56572.863","20.103"
"Belgium","BEL","1975","9748472","194240674926","121.823","53138.504","19.835"
"Belgium","BEL","1976","9758905","205206876000","129.681","56315.676","19.567"
"Belgium","BEL","1977","9774018","206503340893","126.199","56333.273","19.549"
"Belgium","BEL","1978","9791812","212370672719","135.450","58693.355","18.984"
"Belgium","BEL","1979","9811367","217343101115","139.787","60269.168","18.930"
"Belgium","BEL","1980","9833093","227067203496","134.836","57571.547","19.047"
"Belgium","BEL","1981","9850674","224240632890","123.577","54645.723","18.931"
"Belgium","BEL","1982","9862329","227394760384","117.109","52206.734","18.908"
"Belgium","BEL","1983","9869136","227376691105","101.206","50558.559","18.659"
"Belgium","BEL","1984","9874586","233018708582","104.970","52809.992","19.055"
"Belgium","BEL","1985","9880338","235344813262","104.012","55096.121","19.165"
"Belgium","BEL","1986","9886981","238862653069","102.374","56814.492","18.473"
"Belgium","BEL","1987","9899150","244504599238","102.592","58457.508","17.851"
"Belgium","BEL","1988","9916566","256045020000","99.750","59516.973","16.665"
"Belgium","BEL","1989","9936575","265237140019","106.792","59836.559","16.650"
"Belgium","BEL","1990","9960968","273278713941","120.335","62378.742","16.471"
"Belgium","BEL","1991","9998962","278686606016","123.396","64294.656","16.464"
"Belgium","BEL","1992","10045988","283358354426","122.519","63857.262","16.093"
"Belgium","BEL","1993","10084932","281005275818","121.451","62586.730","15.724"
"Belgium","BEL","1994","10116005","290433135887","124.833","65629.477","15.835"
"Belgium","BEL","1995","10137264","297763645458","125.969","66301.898","15.929"
"Belgium","BEL","1996","10156972","302924438524","129.503","70284.875","15.560"
"Belgium","BEL","1997","10181465","314576090803","124.017","70840.680","15.292"
"Belgium","BEL","1998","10203185","321240211745","130.256","72074.211","14.984"
"Belgium","BEL","1999","10226681","333121577520","124.719","71395.695","15.239"
"Belgium","BEL","2000","10251719","345706865981","126.776","72509.641","14.840"
"Belgium","BEL","2001","10287005","349015220419","126.085","71630.055","14.311"
"Belgium","BEL","2002","10332975","355705534550","126.883","70983.867","13.905"
"Belgium","BEL","2003","10376262","358937085300","128.292","73407.070","13.253"
"Belgium","BEL","2004","10421298","372499172102","128.812","73370.898","13.351"
"Belgium","BEL","2005","10478883","380840056202","125.658","72156.344","13.091"
"Belgium","BEL","2006","10548445","390874955040","123.900","71881.797","12.895"
"Belgium","BEL","2007","10625488","404721960651","120.493","71852.602","12.865"
"Belgium","BEL","2008","10709711","408290544814","120.204","72432.766","12.880"
"Belgium","BEL","2009","10812936","399489943721","107.807","66203.031","12.889"
"Belgium","BEL","2010","10936619","411261674695","114.563","69929.078","12.768"
"Belgium","BEL","2011","11038624","420934235947","105.159","64655.848","12.695"
"Belgium","BEL","2012","11107522","424045845634","102.486","61664.453","12.361"
"Belgium","BEL","2013","11160277","425993254852","102.816","62894.422","12.446"
"Belgium","BEL","2014","11210113","432717694183","97.081","58059.273","12.402"
"Belgium","BEL","2015","11275332","441551470878","101.327","58306.633","12.462"
"Belgium","BEL","2016","11332707","447144517813","99.816","62607.219","12.614"
"Belgium","BEL","2017","11376583","454386396677","99.282","62940.031","12.313"
"Belgium","BEL","2018","11428608","462533269863","100.256","62492.762","12.441"
"Belgium","BEL","2019","11490623","472897988852","99.799","64258.418","12.316"
"Belgium","BEL","2020","11540102","447544069854","91.255","57530.324","12.250"
"Belgium","BEL","2021","11570843","474995824355","94.928","63805.598","12.300"
"Belgium","BEL","2022","11641814","489678394377","88.915","59651.605","12.029"
"Benin","BEN","1980","3925258","5935497935","0.480","487.289","2.663"
"Benin","BEN","1981","4038308","6276125502","0.387","477.138","2.819"
"Benin","BEN","1982","4156593","6957657119","0.443","327.163","2.976"
"Benin","BEN","1983","4278981","6662364328","0.404","461.051","2.828"
"Benin","BEN","1984","4405902","7197473511","0.448","443.890","2.904"
"Benin","BEN","1985","4538017","7746780915","0.686","497.199","2.929"
"Benin","BEN","1986","4675421","7917095545","0.624","470.191","2.787"
"Benin","BEN","1987","4818487","7799295410","0.474","361.428","2.835"
"Benin","BEN","1988","4967343","8040683271","0.508","434.714","2.839"
"Benin","BEN","1989","5121659","7998172143","0.570","434.464","2.906"
"Benin","BEN","1990","5281482","8723574620","0.579","484.103","3.251"
"Benin","BEN","1991","5446935","9020546630","0.620","548.623","3.377"
"Benin","BEN","1992","5617847","9209668142","0.671","591.021","3.453"
"Benin","BEN","1993","5872707","9663859223","0.807","621.688","3.496"
"Benin","BEN","1994","6096510","9706566478","0.912","626.573","3.707"
"Benin","BEN","1995","6226775","10500460878","0.956","662.107","3.533"
"Benin","BEN","1996","6391861","10810469226","1.184","703.568","3.963"
"Benin","BEN","1997","6583375","11307899196","1.224","739.009","4.059"
"Benin","BEN","1998","6789492","11647427795","1.114","772.518","4.241"
"Benin","BEN","1999","7002818","12157431164","1.462","367.445","4.238"
"Benin","BEN","2000","7221618","12746225376","1.473","950.594","4.477"
"Benin","BEN","2001","7445599","13306904218","1.689","1053.653","4.009"
"Benin","BEN","2002","7675430","13793055302","2.110","1178.301","4.321"
"Benin","BEN","2003","7913074","14127733603","2.394","1312.088","4.282"
"Benin","BEN","2004","8159098","14599811664","2.594","1342.909","4.306"
"Benin","BEN","2005","8426145","14703566396","2.490","1220.706","4.757"
"Benin","BEN","2006","8693243","15130030225","3.351","1617.128","4.686"
"Benin","BEN","2007","8953973","15874980420","3.931","1853.535","4.828"
"Benin","BEN","2008","9228468","16519715795","3.919","1839.159","4.759"
"Benin","BEN","2009","9509431","16780073808","4.225","1981.540","4.904"
"Benin","BEN","2010","9797488","17023196060","4.679","2198.484","5.296"
"Benin","BEN","2011","10093626","17416238625","4.480","1994.954","5.503"
"Benin","BEN","2012","10397659","18305935000","4.403","1836.255","5.628"
"Benin","BEN","2013","10708831","19651418479","4.566","1819.542","6.057"
"Benin","BEN","2014","11030008","21043177203","4.774","1879.149","6.077"
"Benin","BEN","2015","11360681","22279707949","5.318","2004.112","6.213"
"Benin","BEN","2016","11697845","23134706997","5.311","2373.231","6.438"
"Benin","BEN","2017","12039777","24568275710","5.555","2445.911","6.547"
"Benin","BEN","2018","12383349","26346543293","5.668","2616.541","6.728"
"Benin","BEN","2019","12726760","28155410176","5.273","2371.677","7.041"
"Benin","BEN","2020","13070169","29239039610","5.541","2427.168","6.886"
"Benin","BEN","2021","13413423","31331235336","5.806","1837.102","7.137"
"Benin","BEN","2022","13759507","33290362034","6.092","1841.329","7.336"
"Bolivia","BOL","1980","5758905","22309321191","4.661","3414.263","25.235"
"Bolivia","BOL","1981","5888114","22513609931","4.784","3856.683","22.649"
"Bolivia","BOL","1982","6018091","21530727246","4.341","3217.905","23.689"
"Bolivia","BOL","1983","6149066","20568701184","4.282","3295.752","24.078"
"Bolivia","BOL","1984","6281868","20775917261","4.033","3094.568","22.027"
"Bolivia","BOL","1985","6416193","20629834263","4.115","2698.527","22.442"
"Bolivia","BOL","1986","6552481","19972703422","3.768","2694.337","20.711"
"Bolivia","BOL","1987","6692168","20500709238","4.018","2593.108","21.876"
"Bolivia","BOL","1988","6835507","21274793515","4.294","2932.002","21.891"
"Bolivia","BOL","1989","6981771","21890043281","4.977","3297.167","22.532"
"Bolivia","BOL","1990","7130143","23021797458","10.018","3435.817","22.425"
"Bolivia","BOL","1991","7280294","24300991136","10.506","3266.781","23.531"
"Bolivia","BOL","1992","7430337","24762215565","11.025","3500.822","24.626"
"Bolivia","BOL","1993","7579196","25872205207","11.562","3376.557","24.763"
"Bolivia","BOL","1994","7727320","27129137815","9.650","3746.756","26.226"
"Bolivia","BOL","1995","7874676","28456929800","9.029","4280.904","19.405"
"Bolivia","BOL","1996","8021742","29770158709","10.027","4064.319","18.970"
"Bolivia","BOL","1997","8167911","31321344983","11.733","4499.594","22.060"
"Bolivia","BOL","1998","8313400","32973947605","11.264","4088.641","19.413"
"Bolivia","BOL","1999","8459810","33199090219","10.950","4489.904","19.920"
"Bolivia","BOL","2000","8606330","34126236477","8.442","4613.099","19.470"
"Bolivia","BOL","2001","8752740","34794954024","8.752","3773.150","18.241"
"Bolivia","BOL","2002","8900358","35770128530","10.415","4085.756","19.599"
"Bolivia","BOL","2003","9050703","36849589696","10.983","5615.732","19.742"
"Bolivia","BOL","2004","9204297","38518211935","11.051","5715.799","20.530"
"Bolivia","BOL","2005","9360758","40366066215","12.337","5535.625","21.164"
"Bolivia","BOL","2006","9521685","42467223163","12.369","5990.768","20.578"
"Bolivia","BOL","2007","9685960","44577390720","12.740","6331.773","20.615"
"Bolivia","BOL","2008","9850859","47500614555","13.028","6400.373","20.893"
"Bolivia","BOL","2009","10016279","49290119749","13.633","6203.996","21.258"
"Bolivia","BOL","2010","10182345","51541502268","14.809","6230.567","23.100"
"Bolivia","BOL","2011","10348931","54437027542","16.051","6331.921","22.753"
"Bolivia","BOL","2012","10515814","57225289193","17.575","7473.803","23.420"
"Bolivia","BOL","2013","10682612","61114326124","17.778","7439.076","23.963"
"Bolivia","BOL","2014","10848889","64451770571","19.900","7439.606","23.606"
"Bolivia","BOL","2015","11014707","67582198248","19.900","7687.697","24.093"
"Bolivia","BOL","2016","11180020","70463901130","21.250","7971.473","24.637"
"Bolivia","BOL","2017","11344591","73419862854","22.182","8260.953","24.541"
"Bolivia","BOL","2018","11508370","76521114837","22.509","8327.178","24.486"
"Bolivia","BOL","2019","11671386","78217588630","22.609","8193.270","25.281"
"Bolivia","BOL","2020","11816301","71382934039","18.320","6695.948","25.647"
"Bolivia","BOL","2021","11937369","75741579784","21.767","7936.341","26.124"
"Bolivia","BOL","2022","12077156","78165311428","23.488","8554.576","26.717"
"Bosnia and Herzegovina","BIH","1992","4234620","16213891161","15.029","8677.138","5.889"
"Bosnia and Herzegovina","BIH","1993","3904484","11077007356","12.581","6852.752","5.366"
"Bosnia and Herzegovina","BIH","1994","3725412","11242944737","3.205","7033.086","2.920"
"Bosnia and Herzegovina","BIH","1995","3715565","11770817203","3.406","12820.879","2.651"
"Bosnia and Herzegovina","BIH","1996","3875246","17934743605","4.240","6143.073","2.421"
"Bosnia and Herzegovina","BIH","1997","4018228","21766878558","8.366","9844.338","3.365"
"Bosnia and Herzegovina","BIH","1998","4089357","24470419886","10.551","11882.883","3.692"
"Bosnia and Herzegovina","BIH","1999","4130312","26775071100","10.333","11489.427","3.707"
"Bosnia and Herzegovina","BIH","2000","4159785","27629709487","13.702","13112.501","3.820"
"Bosnia and Herzegovina","BIH","2001","4179446","27937499205","13.263","12905.365","3.810"
"Bosnia and Herzegovina","BIH","2002","4188006","28997438498","14.173","12973.768","3.766"
"Bosnia and Herzegovina","BIH","2003","4178523","29748999379","14.358","11420.435","4.167"
"Bosnia and Herzegovina","BIH","2004","4140990","31229543774","15.462","11305.199","4.248"
"Bosnia and Herzegovina","BIH","2005","4096493","32159580501","16.046","10346.191","4.371"
"Bosnia and Herzegovina","BIH","2006","4063269","33580206309","17.387","10823.570","4.679"
"Bosnia and Herzegovina","BIH","2007","4013420","35158268243","17.474","11227.055","4.543"
"Bosnia and Herzegovina","BIH","2008","3947545","36676627730","19.955","12752.937","4.767"
"Bosnia and Herzegovina","BIH","2009","3879798","35937393954","20.537","15458.730","4.743"
"Bosnia and Herzegovina","BIH","2010","3811480","35774435069","21.146","16196.391","4.716"
"Bosnia and Herzegovina","BIH","2011","3741799","35664062419","23.765","17665.490","4.954"
"Bosnia and Herzegovina","BIH","2012","3670109","35371051813","22.138","17613.062","4.808"
"Bosnia and Herzegovina","BIH","2013","3610857","36202157063","21.801","16714.635","4.740"
"Bosnia and Herzegovina","BIH","2014","3564831","36619951250","19.312","16940.182","5.687"
"Bosnia and Herzegovina","BIH","2015","3518541","38199900995","18.460","17474.537","5.817"
"Bosnia and Herzegovina","BIH","2016","3472997","39438504839","21.734","18144.992","6.098"
"Bosnia and Herzegovina","BIH","2017","3428684","40717914490","22.153","19206.406","6.144"
"Bosnia and Herzegovina","BIH","2018","3386999","42277004927","22.079","18484.439","6.412"
"Bosnia and Herzegovina","BIH","2019","3345532","43497123759","20.810","17670.797","6.152"
"Bosnia and Herzegovina","BIH","2020","3299352","42185625323","20.832","17237.430","6.115"
"Bosnia and Herzegovina","BIH","2021","3244912","45303796505","21.268","20087.381","5.662"
"Bosnia and Herzegovina","BIH","2022","3204802","47069138435","20.743","28264.172","5.878"
"Botswana","BWA","1980","937493","2114317678","1.403","4610.632","5.431"
"Botswana","BWA","1981","970003","2362259234","1.408","4671.701","5.031"
"Botswana","BWA","1982","1009273","2562518642","1.399","4189.353","5.488"
"Botswana","BWA","1983","1046148","2867984498","1.330","4051.099","5.329"
"Botswana","BWA","1984","1083665","3259569091","1.344","3906.469","4.357"
"Botswana","BWA","1985","1121954","3564063346","1.658","4928.077","4.290"
"Botswana","BWA","1986","1160655","3829274528","1.566","5065.451","4.147"
"Botswana","BWA","1987","1199180","4148395078","1.838","5167.503","5.203"
"Botswana","BWA","1988","1235488","4660648876","2.001","5805.190","4.271"
"Botswana","BWA","1989","1270279","6213534958","2.229","6378.684","4.822"
"Botswana","BWA","1990","1305699","6660711722","2.700","6855.631","6.783"
"Botswana","BWA","1991","1341767","7315023272","2.634","6982.897","6.427"
"Botswana","BWA","1992","1380038","7702501132","2.777","8235.484","6.269"
"Botswana","BWA","1993","1420120","8026901258","3.195","7765.477","6.069"
"Botswana","BWA","1994","1460030","8505234702","3.030","7518.793","6.354"
"Botswana","BWA","1995","1498842","9306926237","3.045","7412.382","6.900"
"Botswana","BWA","1996","1535917","10069439768","2.755","6853.327","7.257"
"Botswana","BWA","1997","1571700","11122733889","2.799","6902.570","6.988"
"Botswana","BWA","1998","1606906","11452605950","3.342","7237.880","6.574"
"Botswana","BWA","1999","1642006","12841571074","3.158","6701.352","6.570"
"Botswana","BWA","2000","1677384","13391002424","3.778","8543.656","6.398"
"Botswana","BWA","2001","1712264","13725120137","3.847","8774.433","7.950"
"Botswana","BWA","2002","1744765","14885467195","3.975","8939.827","7.968"
"Botswana","BWA","2003","1775744","15922248755","3.825","8960.578","3.757"
"Botswana","BWA","2004","1807153","16720998899","3.895","8820.595","4.010"
"Botswana","BWA","2005","1839881","17874650435","4.096","9163.713","4.724"
"Botswana","BWA","2006","1874526","19804034564","4.133","9568.378","5.867"
"Botswana","BWA","2007","1911200","21924081026","4.228","9655.335","4.866"
"Botswana","BWA","2008","1949973","23814412331","4.503","9837.472","9.762"
"Botswana","BWA","2009","1990671","22485468865","3.855","9056.343","4.634"
"Botswana","BWA","2010","2033110","24958864035","4.537","9157.634","11.395"
"Botswana","BWA","2011","2073538","27061119164","4.029","9418.284","14.122"
"Botswana","BWA","2012","2108617","27014847416","5.077","9152.468","6.837"
"Botswana","BWA","2013","2140687","30014304729","5.663","8948.596","6.005"
"Botswana","BWA","2014","2172053","31724220202","6.850","8857.137","4.469"
"Botswana","BWA","2015","2203276","30185273524","5.418","10640.027","4.425"
"Botswana","BWA","2016","2234784","32359220755","6.341","11547.974","3.824"
"Botswana","BWA","2017","2266749","33690154993","7.066","10434.404","5.568"
"Botswana","BWA","2018","2299149","35101769105","7.643","10197.871","4.490"
"Botswana","BWA","2019","2332082","36166405883","7.486","9783.121","3.287"
"Botswana","BWA","2020","2365895","33010529929","6.192","9292.531","4.853"
"Botswana","BWA","2021","2401448","36918974292","6.683","9660.034","9.315"
"Botswana","BWA","2022","2439895","39293967463","7.396","12002.065","7.692"
"Brazil","BRA","1965","83817586","300547041906","56.273","3267.448","165.478"
"Brazil","BRA","1966","86139356","320583718312","64.154","3468.567","169.215"
"Brazil","BRA","1967","88446119","334149068085","66.022","3500.200","174.093"
"Brazil","BRA","1968","90741243","366804798046","77.210","3895.539","179.122"
"Brazil","BRA","1969","93045768","401601726554","84.072","4146.475","184.654"
"Brazil","BRA","1970","95375656","443496716015","93.467","4887.167","191.922"
"Brazil","BRA","1971","97739280","493683360000","102.314","5176.854","196.701"
"Brazil","BRA","1972","100146794","552789520000","113.992","5817.811","208.000"
"Brazil","BRA","1973","102600970","629980118000","132.029","6703.924","213.101"
"Brazil","BRA","1974","105089675","681263712000","142.981","7254.190","226.112"
"Brazil","BRA","1975","107619567","716641578000","150.287","7457.292","236.706"
"Brazil","BRA","1976","110213353","790037637000","154.562","7965.411","254.249"
"Brazil","BRA","1977","112875287","828975504000","162.314","8330.010","261.667"
"Brazil","BRA","1978","115600943","870261975000","177.061","8972.107","264.966"
"Brazil","BRA","1979","118380819","929101336000","187.728","9475.116","274.427"
"Brazil","BRA","1980","121207451","1014791980000","186.127","9554.172","297.684"
"Brazil","BRA","1981","124063113","971272328000","171.262","9034.091","301.215"
"Brazil","BRA","1982","126923156","978935436000","171.439","9301.312","307.402"
"Brazil","BRA","1983","129790081","950507880000","165.851","9202.626","310.429"
"Brazil","BRA","1984","132658861","1001891162000","167.524","9625.038","322.997"
"Brazil","BRA","1985","135515593","1080097284000","180.065","10099.972","327.049"
"Brazil","BRA","1986","138336371","1160963076000","197.183","10427.861","337.810"
"Brazil","BRA","1987","141104946","1201712854000","205.912","10499.386","349.389"
"Brazil","BRA","1988","143826357","1200534790000","207.640","10742.801","356.558"
"Brazil","BRA","1989","146502975","1238775447000","212.016","10795.250","367.351"
"Brazil","BRA","1990","149143223","1185475140000","218.658","10479.675","365.410"
"Brazil","BRA","1991","151724253","1213090136106","229.394","10703.902","373.664"
"Brazil","BRA","1992","154275077","1221828516629","233.601","10708.817","379.587"
"Brazil","BRA","1993","156794574","1298220757545","244.306","11035.176","382.577"
"Brazil","BRA","1994","159265011","1391783970549","254.002","11345.266","391.601"
"Brazil","BRA","1995","161735079","1468835128486","268.678","11828.174","397.709"
"Brazil","BRA","1996","164202549","1520364859776","289.311","12366.625","387.277"
"Brazil","BRA","1997","166661662","1591956040321","306.949","12895.613","396.153"
"Brazil","BRA","1998","169159651","1617675773756","317.359","13238.571","404.289"
"Brazil","BRA","1999","171641544","1645887982219","327.256","13225.068","410.408"
"Brazil","BRA","2000","174018278","1739728033832","340.183","13586.246","417.310"
"Brazil","BRA","2001","176301201","1785513006345","346.166","13068.835","429.615"
"Brazil","BRA","2002","178503485","1861742323845","347.765","13173.609","450.588"
"Brazil","BRA","2003","180622688","1904932706436","344.645","13211.707","471.538"
"Brazil","BRA","2004","182675144","2038447931287","361.434","13703.958","494.991"
"Brazil","BRA","2005","184688101","2129214530430","364.371","13910.277","497.686"
"Brazil","BRA","2006","186653099","2240805319046","368.871","14152.363","493.284"
"Brazil","BRA","2007","188552311","2405626901513","390.573","14905.908","491.520"
"Brazil","BRA","2008","190367297","2559842659987","412.638","15424.676","488.155"
"Brazil","BRA","2009","192079958","2589568436235","389.775","15230.740","486.858"
"Brazil","BRA","2010","193701931","2820492538862","440.269","16462.070","507.871"
"Brazil","BRA","2011","195284736","2968455007203","461.911","16981.988","505.267"
"Brazil","BRA","2012","196876113","3025484250011","497.468","17312.078","506.852"
"Brazil","BRA","2013","198478290","3116394665745","531.569","17638.982","506.459"
"Brazil","BRA","2014","200085126","3132099937531","556.526","17870.570","512.640"
"Brazil","BRA","2015","201675534","3021043246476","528.174","17530.328","521.174"
"Brazil","BRA","2016","203218108","2922076150345","491.745","16983.990","524.133"
"Brazil","BRA","2017","204703440","2960731613785","497.255","16988.619","522.645"
"Brazil","BRA","2018","206107265","3013541086239","476.601","16915.357","522.116"
"Brazil","BRA","2019","207455459","3050327159562","476.724","17194.145","528.946"
"Brazil","BRA","2020","208660845","2950377451264","447.999","16401.875","535.772"
"Brazil","BRA","2021","209550291","3097565215045","496.562","17089.926","545.361"
"Brazil","BRA","2022","210306411","3187412907763","480.058","17744.193","566.221"
"Bulgaria","BGR","1965","8202417","50331994197","46.269","14620.770","16.267"
"Bulgaria","BGR","1966","8258787","54296722412","48.716","15567.108","16.329"
"Bulgaria","BGR","1967","8311127","57224213384","55.108","17968.760","16.540"
"Bulgaria","BGR","1968","8370645","58277542479","59.464","19943.219","16.782"
"Bulgaria","BGR","1969","8435273","61114009406","66.308","22058.291","16.912"
"Bulgaria","BGR","1970","8490822","64588680656","61.174","24657.031","15.919"
"Bulgaria","BGR","1971","8538900","66703386867","64.222","25529.869","16.405"
"Bulgaria","BGR","1972","8579912","69853150590","66.079","26144.588","16.773"
"Bulgaria","BGR","1973","8624799","72614658323","68.717","27023.654","16.925"
"Bulgaria","BGR","1974","8682750","74897570361","71.137","27644.533","16.780"
"Bulgaria","BGR","1975","8723145","81059298632","72.926","30414.811","17.482"
"Bulgaria","BGR","1976","8759433","83479278837","72.968","32080.141","17.670"
"Bulgaria","BGR","1977","8804690","82674417087","75.796","33632.816","17.668"
"Bulgaria","BGR","1978","8813742","84458680312","81.207","34789.098","17.915"
"Bulgaria","BGR","1979","8824994","87710555583","78.931","36062.770","18.266"
"Bulgaria","BGR","1980","8859539","85198551837","77.254","37924.316","18.604"
"Bulgaria","BGR","1981","8887803","87452692265","80.090","37245.914","18.556"
"Bulgaria","BGR","1982","8912738","90290359601","89.844","38049.559","18.834"
"Bulgaria","BGR","1983","8933328","88586045314","90.061","38219.535","18.749"
"Bulgaria","BGR","1984","8952608","91505854443","87.045","37916.188","18.754"
"Bulgaria","BGR","1985","8958855","88756020855","89.221","37602.871","18.274"
"Bulgaria","BGR","1986","8963473","91110686132","91.172","38337.195","18.231"
"Bulgaria","BGR","1987","8976206","91271728813","91.277","38579.180","18.041"
"Bulgaria","BGR","1988","8985721","90700492394","86.917","39436.852","17.695"
"Bulgaria","BGR","1989","8936386","89073461843","86.467","39309.855","17.425"
"Bulgaria","BGR","1990","8822366","79352520673","76.638","36771.109","16.537"
"Bulgaria","BGR","1991","8695798","72983249507","61.521","30198.242","15.567"
"Bulgaria","BGR","1992","8559091","67935669606","57.356","28868.836","14.844"
"Bulgaria","BGR","1993","8466533","67190225135","58.389","31134.502","13.541"
"Bulgaria","BGR","1994","8416924","68680754016","56.383","30122.635","12.644"
"Bulgaria","BGR","1995","8357576","70965735433","57.917","32624.234","12.420"
"Bulgaria","BGR","1996","8291402","65116237713","58.460","32793.770","12.444"
"Bulgaria","BGR","1997","8217101","64936506648","55.806","31293.846","12.058"
"Bulgaria","BGR","1998","8138193","67715867197","53.114","30382.707","11.909"
"Bulgaria","BGR","1999","8067464","64098092292","46.371","26929.967","11.635"
"Bulgaria","BGR","2000","8000519","67719765830","45.499","27170.389","11.450"
"Bulgaria","BGR","2001","7928455","68877651140","49.020","28324.223","11.138"
"Bulgaria","BGR","2002","7861949","73450036758","46.141","27707.934","10.761"
"Bulgaria","BGR","2003","7804405","77722336425","50.491","28875.049","10.889"
"Bulgaria","BGR","2004","7749430","83228668873","49.537","28120.139","10.865"
"Bulgaria","BGR","2005","7695047","89684785590","50.600","30680.197","10.653"
"Bulgaria","BGR","2006","7640292","96404598197","51.837","31504.156","10.639"
"Bulgaria","BGR","2007","7586896","104058200673","55.669","30663.352","10.644"
"Bulgaria","BGR","2008","7535589","110900337989","54.026","30551.521","10.426"
"Bulgaria","BGR","2009","7488016","107365071902","45.750","26990.662","10.182"
"Bulgaria","BGR","2010","7437594","109045208364","47.816","28432.732","10.004"
"Bulgaria","BGR","2011","7380023","109435363210","53.120","30434.416","10.223"
"Bulgaria","BGR","2012","7317020","110261509885","48.277","29168.732","9.580"
"Bulgaria","BGR","2013","7264605","109643527181","42.583","27270.346","9.284"
"Bulgaria","BGR","2014","7223450","110703533681","45.169","29286.607","8.330"
"Bulgaria","BGR","2015","7177515","114498611934","48.127","31303.371","10.237"
"Bulgaria","BGR","2016","7127436","117979077002","45.344","29900.988","10.018"
"Bulgaria","BGR","2017","7075642","121237951710","47.446","30834.584","10.245"
"Bulgaria","BGR","2018","7024745","124492855771","43.503","31149.057","9.605"
"Bulgaria","BGR","2019","6975466","129520075495","42.195","30327.924","9.321"
"Bulgaria","BGR","2020","6933656","124392792956","36.571","28177.615","9.493"
"Bulgaria","BGR","2021","6877222","133889804025","42.365","32263.266","9.499"
"Bulgaria","BGR","2022","6825862","138390156500","46.932","33606.043","9.388"
"Burkina Faso","BFA","1980","6947900","7360690144","0.432","254.619","6.405"
"Burkina Faso","BFA","1981","7140270","7678602958","0.557","247.082","6.403"
"Burkina Faso","BFA","1982","7340199","7851839601","0.575","240.352","6.673"
"Burkina Faso","BFA","1983","7551136","7760300068","0.594","233.638","6.718"
"Burkina Faso","BFA","1984","7772260","7886109101","0.465","227.613","6.909"
"Burkina Faso","BFA","1985","7999935","8913468636","0.476","213.180","7.496"
"Burkina Faso","BFA","1986","8228847","10319538769","0.480","245.253","7.635"
"Burkina Faso","BFA","1987","8457112","10142656933","0.517","249.210","7.869"
"Burkina Faso","BFA","1988","8687441","10990388168","0.553","254.419","7.987"
"Burkina Faso","BFA","1989","8921178","10858848042","0.821","222.042","8.266"
"Burkina Faso","BFA","1990","9159358","10752296234","0.594","220.592","9.294"
"Burkina Faso","BFA","1991","9394631","11509843577","0.638","248.237","9.586"
"Burkina Faso","BFA","1992","9629280","11312544997","0.634","243.531","9.808"
"Burkina Faso","BFA","1993","9871715","11471092622","0.634","258.528","10.022"
"Burkina Faso","BFA","1994","10123807","11400569605","0.660","277.202","10.286"
"Burkina Faso","BFA","1995","10386723","11823046260","0.661","272.304","10.635"
"Burkina Faso","BFA","1996","10655943","12896055272","0.727","279.571","11.088"
"Burkina Faso","BFA","1997","10934222","13326250630","0.764","442.538","11.444"
"Burkina Faso","BFA","1998","11240668","13917970173","0.848","391.219","11.578"
"Burkina Faso","BFA","1999","11574930","14604702492","1.040","383.809","10.943"
"Burkina Faso","BFA","2000","11925548","14546973590","0.931","340.959","11.561"
"Burkina Faso","BFA","2001","12294996","15179805834","1.064","376.250","12.138"
"Burkina Faso","BFA","2002","12680904","15543232009","1.067","381.058","12.522"
"Burkina Faso","BFA","2003","13082530","16390237677","1.184","404.996","14.741"
"Burkina Faso","BFA","2004","13500536","16718435442","1.107","351.700","15.179"
"Burkina Faso","BFA","2005","13932127","17737650575","1.104","362.958","15.586"
"Burkina Faso","BFA","2006","14373713","18406718353","1.217","349.467","15.605"
"Burkina Faso","BFA","2007","14816313","18724205542","1.616","480.703","15.973"
"Burkina Faso","BFA","2008","15258103","19365623019","1.818","508.090","16.531"
"Burkina Faso","BFA","2009","15710067","19506442026","1.836","463.295","17.087"
"Burkina Faso","BFA","2010","16176503","20688336651","1.985","500.353","17.744"
"Burkina Faso","BFA","2011","16661907","21589787625","2.149","552.546","18.050"
"Burkina Faso","BFA","2012","17172284","22982976785","2.612","632.108","18.155"
"Burkina Faso","BFA","2013","17695411","24314382909","2.809","735.404","18.609"
"Burkina Faso","BFA","2014","18229466","25366464630","2.868","665.529","18.975"
"Burkina Faso","BFA","2015","18777488","26361085012","3.744","823.610","19.155"
"Burkina Faso","BFA","2016","19334854","27931683815","3.988","764.289","19.939"
"Burkina Faso","BFA","2017","19894413","29664279937","4.622","862.711","20.189"
"Burkina Faso","BFA","2018","20438289","31623015393","5.226","943.597","20.401"
"Burkina Faso","BFA","2019","20961956","33422048798","5.618","953.479","21.047"
"Burkina Faso","BFA","2020","21478691","34067429050","5.618","936.216","18.545"
"Burkina Faso","BFA","2021","21995249","36419784717","6.329","1043.450","21.816"
"Burkina Faso","BFA","2022","22509038","37320442404","6.542","1011.840","21.694"
"Burundi","BDI","1980","4383713","4081883613","0.147","105.644","1.608"
"Burundi","BDI","1981","4566017","4516507010","0.158","114.782","1.471"
"Burundi","BDI","1982","4681397","4482358891","0.158","98.253","1.509"
"Burundi","BDI","1983","4808530","4616672696","0.205","112.321","1.536"
"Burundi","BDI","1984","4926477","4605245347","0.220","137.425","1.584"
"Burundi","BDI","1985","5034043","5124898563","0.231","136.942","1.557"
"Burundi","BDI","1986","5129423","5315582207","0.234","135.653","1.692"
"Burundi","BDI","1987","5247790","5518937944","0.249","143.854","1.688"
"Burundi","BDI","1988","5365332","5769869430","0.227","214.769","1.734"
"Burundi","BDI","1989","5471706","5847419756","0.267","237.782","1.772"
"Burundi","BDI","1990","5587051","6041848505","0.209","245.513","2.237"
